{
    "val_loss": 0.2358784999841079,
    "val_accuracy": 0.91072
}